event_id,source,event_type,event_time,feed_url,feed_type,entity_count,byte_size
gtfs_realtime_events-001,gtfs-realtime-events,sample_record,2026-05-29T12:00:00Z,feed_url_1,feed_type_1,10,1
gtfs_realtime_events-002,gtfs-realtime-events,sample_record,2026-05-29T11:00:00Z,feed_url_2,feed_type_2,11,2
gtfs_realtime_events-003,gtfs-realtime-events,sample_record,2026-05-29T10:00:00Z,feed_url_3,feed_type_3,12,3
gtfs_realtime_events-004,gtfs-realtime-events,sample_record,2026-05-29T09:00:00Z,feed_url_4,feed_type_4,13,4
gtfs_realtime_events-005,gtfs-realtime-events,sample_record,2026-05-29T08:00:00Z,feed_url_5,feed_type_5,14,5
gtfs_realtime_events-006,gtfs-realtime-events,sample_record,2026-05-29T07:00:00Z,feed_url_6,feed_type_6,15,6
gtfs_realtime_events-007,gtfs-realtime-events,sample_record,2026-05-29T06:00:00Z,feed_url_7,feed_type_7,16,7
gtfs_realtime_events-008,gtfs-realtime-events,sample_record,2026-05-29T05:00:00Z,feed_url_8,feed_type_8,17,8
gtfs_realtime_events-009,gtfs-realtime-events,sample_record,2026-05-29T04:00:00Z,feed_url_9,feed_type_9,18,9
gtfs_realtime_events-010,gtfs-realtime-events,sample_record,2026-05-29T03:00:00Z,feed_url_10,feed_type_10,19,10
